Treatment,N,Deaths,Median OS (months),Mean Age,Male (%),1-Year OS (%),2-Year OS (%)
FOLFIRI,389,256,20.64655272,57.20565552699229,59.12596401028277,72.23650385604114,43.44473007712082
FOLFOX,1505,934,22.84929003,58.650498338870435,53.48837209302325,73.75415282392026,47.9734219269103
